HomeTeam,AwayTeam,FTHG,FTAG,FTR
Kortrijk,St Truiden,1.0,1.0,D
St. Gilloise,Anderlecht,0.0,0.0,D
Gent,Antwerp,1.0,1.0,D
Club Brugge,Cercle Brugge,3.0,0.0,H
Oud-Heverlee Leuven,Standard,2.0,0.0,H
Beerschot VA,Dender,1.0,2.0,A
Mechelen,Charleroi,5.0,2.0,H
Genk,Westerlo,1.0,0.0,H
Charleroi,Kortrijk,1.0,0.0,H
Standard,Beerschot VA,1.0,0.0,H
St Truiden,St. Gilloise,0.0,0.0,D
Dender,Club Brugge,1.0,2.0,A
Antwerp,Mechelen,0.0,1.0,A
Westerlo,Oud-Heverlee Leuven,1.0,1.0,D
Gent,Westerlo,4.0,1.0,H
Kortrijk,Standard,1.0,0.0,H
Oud-Heverlee Leuven,Cercle Brugge,1.0,1.0,D
Club Brugge,Antwerp,1.0,0.0,H
Mechelen,Anderlecht,1.0,3.0,A
St Truiden,Dender,3.0,3.0,D
Beerschot VA,Genk,3.0,4.0,A
St. Gilloise,Charleroi,1.0,0.0,H
Cercle Brugge,Beerschot VA,4.0,1.0,H
Charleroi,Gent,1.0,0.0,H
Antwerp,St Truiden,6.0,1.0,H
Genk,Club Brugge,3.0,2.0,H
Anderlecht,Oud-Heverlee Leuven,1.0,1.0,D
Westerlo,St. Gilloise,4.0,3.0,H
Dender,Kortrijk,4.0,1.0,H
Standard,Mechelen,0.0,0.0,D
Gent,Dender,1.0,2.0,A
Standard,Club Brugge,1.0,0.0,H
Cercle Brugge,Kortrijk,1.0,2.0,A
Antwerp,Anderlecht,1.0,2.0,A
St Truiden,Charleroi,1.0,4.0,A
Oud-Heverlee Leuven,Genk,3.0,1.0,H
Mechelen,Westerlo,2.0,4.0,A
St. Gilloise,Beerschot VA,3.0,1.0,H
Westerlo,Cercle Brugge,3.0,0.0,H
Charleroi,Antwerp,0.0,1.0,A
Kortrijk,Gent,0.0,1.0,A
Genk,Standard,0.0,0.0,D
Anderlecht,St Truiden,1.0,0.0,H
Beerschot VA,Oud-Heverlee Leuven,0.0,0.0,D
Dender,St. Gilloise,0.0,0.0,D
Club Brugge,Mechelen,1.0,1.0,D
Genk,Gent,0.0,1.0,A
Antwerp,Anderlecht,3.0,1.0,H
Club Brugge,Cercle Brugge,0.0,0.0,D
St. Gilloise,Genk,2.0,0.0,H
Gent,St Truiden,2.0,0.0,H
Mechelen,Standard,3.0,2.0,H
Oud-Heverlee Leuven,Westerlo,1.0,2.0,A
Genk,Antwerp,1.0,0.0,H
Anderlecht,Club Brugge,0.0,1.0,A
Cercle Brugge,St. Gilloise,1.0,2.0,A
Standard,Gent,1.0,4.0,A
Westerlo,Mechelen,0.0,2.0,A
St Truiden,Oud-Heverlee Leuven,1.0,1.0,D
Club Brugge,St. Gilloise,2.0,2.0,D
Antwerp,Cercle Brugge,1.0,2.0,A
St Truiden,Mechelen,2.0,1.0,H
Gent,Oud-Heverlee Leuven,0.0,1.0,A
Anderlecht,Genk,2.0,1.0,H
Charleroi,Kortrijk,3.0,1.0,H
Eupen,RWD Molenbeek,2.0,0.0,H
Kortrijk,Eupen,1.0,0.0,H
St. Gilloise,Anderlecht,0.0,0.0,D
Oud-Heverlee Leuven,Standard,3.0,1.0,H
Antwerp,Club Brugge,1.0,2.0,A
Cercle Brugge,Genk,4.0,1.0,H
Mechelen,Gent,2.0,4.0,A
RWD Molenbeek,Charleroi,1.0,3.0,A
Westerlo,St Truiden,2.0,2.0,D
RWD Molenbeek,Kortrijk,0.0,1.0,A
St. Gilloise,Antwerp,4.0,1.0,H
Cercle Brugge,Anderlecht,1.0,1.0,D
Genk,Club Brugge,0.0,3.0,A
Gent,Westerlo,3.0,2.0,H
Standard,St Truiden,1.0,1.0,D
Mechelen,Oud-Heverlee Leuven,3.0,0.0,H
Eupen,Charleroi,1.0,2.0,A
Antwerp,St. Gilloise,0.0,3.0,A
Anderlecht,Cercle Brugge,3.0,0.0,H
Club Brugge,Genk,4.0,0.0,H
St Truiden,Gent,0.0,2.0,A
Standard,Mechelen,0.0,0.0,D
Westerlo,Oud-Heverlee Leuven,1.0,1.0,D
Charleroi,Eupen,1.0,0.0,H
St. Gilloise,Club Brugge,1.0,2.0,A
Kortrijk,RWD Molenbeek,2.0,4.0,A
Cercle Brugge,Antwerp,0.0,1.0,A
Genk,Anderlecht,2.0,1.0,H
Gent,Mechelen,3.0,1.0,H
Westerlo,Standard,3.0,3.0,D
Oud-Heverlee Leuven,St Truiden,1.0,0.0,H
Oud-Heverlee Leuven,Gent,2.0,1.0,H
Anderlecht,St. Gilloise,2.0,1.0,H
Kortrijk,Charleroi,1.0,2.0,A
Club Brugge,Antwerp,3.0,0.0,H
Genk,Cercle Brugge,1.0,1.0,D
Mechelen,Westerlo,3.0,2.0,H
RWD Molenbeek,Eupen,3.0,1.0,H
St Truiden,Standard,3.0,3.0,D
Westerlo,Gent,0.0,3.0,A
Club Brugge,Anderlecht,3.0,1.0,H
Eupen,Kortrijk,1.0,1.0,D
St. Gilloise,Cercle Brugge,2.0,3.0,A
Antwerp,Genk,0.0,1.0,A
Standard,Oud-Heverlee Leuven,0.0,0.0,D
Charleroi,RWD Molenbeek,0.0,0.0,D
Mechelen,St Truiden,2.0,3.0,A
Genk,St. Gilloise,1.0,0.0,H
Cercle Brugge,Club Brugge,1.0,1.0,D
St Truiden,Westerlo,2.0,0.0,H
Anderlecht,Antwerp,1.0,0.0,H
Oud-Heverlee Leuven,Mechelen,2.0,3.0,A
Gent,Standard,5.0,1.0,H
Cercle Brugge,RWD Molenbeek,4.0,0.0,H
Gent,Charleroi,5.0,0.0,H
Oud-Heverlee Leuven,Mechelen,1.0,0.0,H
Westerlo,Genk,1.0,1.0,D
Antwerp,St. Gilloise,1.0,1.0,D
St Truiden,Club Brugge,2.0,1.0,H
Anderlecht,Kortrijk,0.0,1.0,A
Standard,Eupen,4.0,0.0,H
Eupen,St Truiden,1.0,0.0,H
St. Gilloise,Gent,1.0,1.0,D
Club Brugge,Oud-Heverlee Leuven,3.0,1.0,H
Genk,Standard,1.0,0.0,H
RWD Molenbeek,Anderlecht,0.0,3.0,A
Charleroi,Cercle Brugge,0.0,0.0,D
Kortrijk,Antwerp,0.0,1.0,A
Mechelen,Westerlo,3.0,1.0,H
Kortrijk,RWD Molenbeek,3.0,2.0,H
Anderlecht,Eupen,1.0,0.0,H
Antwerp,St Truiden,3.0,0.0,H
Genk,Club Brugge,0.0,3.0,A
Standard,Gent,4.0,2.0,H
Oud-Heverlee Leuven,St. Gilloise,0.0,2.0,A
Cercle Brugge,Mechelen,2.0,3.0,A
Westerlo,Charleroi,0.0,1.0,A
Eupen,Cercle Brugge,0.0,2.0,A
St. Gilloise,Standard,2.0,1.0,H
Gent,Antwerp,2.0,2.0,D
Club Brugge,Anderlecht,1.0,2.0,A
Mechelen,Kortrijk,3.0,0.0,H
St Truiden,Westerlo,1.0,0.0,H
RWD Molenbeek,Oud-Heverlee Leuven,1.0,1.0,D
Charleroi,Genk,0.0,1.0,A
Eupen,Gent,0.0,2.0,A
Anderlecht,St Truiden,4.0,1.0,H
Kortrijk,St. Gilloise,1.0,3.0,A
Cercle Brugge,Club Brugge,1.0,1.0,D
Antwerp,Mechelen,0.0,1.0,A
Oud-Heverlee Leuven,Charleroi,0.0,0.0,D
Genk,RWD Molenbeek,3.0,1.0,H
Westerlo,Standard,2.0,1.0,H
Gent,Cercle Brugge,1.0,2.0,A
Charleroi,Anderlecht,1.0,3.0,A
Mechelen,Genk,1.0,1.0,D
RWD Molenbeek,Antwerp,0.0,4.0,A
Club Brugge,Eupen,4.0,0.0,H
St. Gilloise,Westerlo,2.0,2.0,D
Standard,Oud-Heverlee Leuven,1.0,0.0,H
St Truiden,Kortrijk,1.0,0.0,H
Cercle Brugge,St Truiden,4.0,1.0,H
Anderlecht,Gent,1.0,0.0,H
Eupen,Mechelen,0.0,1.0,A
Antwerp,Club Brugge,2.0,1.0,H
Genk,St. Gilloise,0.0,1.0,A
Kortrijk,Charleroi,1.0,0.0,H
Westerlo,Oud-Heverlee Leuven,0.0,3.0,A
RWD Molenbeek,Standard,2.0,2.0,D
Mechelen,Anderlecht,2.0,2.0,D
St Truiden,Gent,4.0,1.0,H
St. Gilloise,RWD Molenbeek,3.0,2.0,H
Standard,Antwerp,0.0,1.0,A
Charleroi,Eupen,1.0,0.0,H
Oud-Heverlee Leuven,Genk,2.0,1.0,H
Club Brugge,Kortrijk,3.0,3.0,D
Westerlo,Cercle Brugge,4.0,2.0,H
Mechelen,RWD Molenbeek,3.0,1.0,H
Anderlecht,St. Gilloise,2.0,2.0,D
Eupen,Antwerp,1.0,0.0,H
St Truiden,Genk,1.0,1.0,D
Charleroi,Club Brugge,1.0,4.0,A
Gent,Westerlo,2.0,2.0,D
Kortrijk,Oud-Heverlee Leuven,0.0,0.0,D
Cercle Brugge,Standard,1.0,1.0,D
RWD Molenbeek,Eupen,0.0,1.0,A
Oud-Heverlee Leuven,Anderlecht,1.0,1.0,D
St. Gilloise,St Truiden,2.0,1.0,H
Antwerp,Charleroi,4.0,1.0,H
Club Brugge,Westerlo,3.0,0.0,H
Standard,Kortrijk,0.0,1.0,A
Genk,Cercle Brugge,1.0,1.0,D
Gent,Mechelen,1.0,2.0,A
Anderlecht,Cercle Brugge,2.0,0.0,H
Charleroi,Mechelen,3.0,1.0,H
Standard,St Truiden,1.0,1.0,D
Club Brugge,St. Gilloise,1.0,1.0,D
Westerlo,RWD Molenbeek,3.0,0.0,H
Kortrijk,Gent,0.0,2.0,A
Oud-Heverlee Leuven,Eupen,3.0,0.0,H
Genk,Antwerp,3.0,0.0,H
Anderlecht,Genk,2.0,1.0,H
Antwerp,Westerlo,2.0,2.0,D
St Truiden,Charleroi,1.0,0.0,H
Eupen,St. Gilloise,1.0,2.0,A
RWD Molenbeek,Club Brugge,1.0,6.0,A
Gent,Oud-Heverlee Leuven,4.0,0.0,H
Mechelen,Standard,3.0,0.0,H
Cercle Brugge,Kortrijk,3.0,0.0,H
Genk,Kortrijk,4.0,0.0,H
Antwerp,Anderlecht,1.0,1.0,D
St. Gilloise,Mechelen,1.0,0.0,H
Club Brugge,Gent,2.0,0.0,H
Standard,Charleroi,0.0,0.0,D
RWD Molenbeek,St Truiden,3.0,0.0,H
Oud-Heverlee Leuven,Cercle Brugge,1.0,2.0,A
Westerlo,Eupen,2.0,0.0,H
Charleroi,St. Gilloise,1.0,3.0,A
Anderlecht,Standard,2.0,2.0,D
Eupen,Genk,1.0,3.0,A
Mechelen,Club Brugge,0.0,0.0,D
Gent,RWD Molenbeek,4.0,0.0,H
St Truiden,Oud-Heverlee Leuven,1.0,1.0,D
Cercle Brugge,Antwerp,1.0,3.0,A
Kortrijk,Westerlo,1.0,2.0,A
St. Gilloise,Cercle Brugge,2.0,1.0,H
Club Brugge,Standard,2.0,0.0,H
Mechelen,St Truiden,0.0,2.0,A
Genk,Gent,2.0,2.0,D
Antwerp,Oud-Heverlee Leuven,1.0,0.0,H
Eupen,Kortrijk,1.0,1.0,D
RWD Molenbeek,Charleroi,0.0,0.0,D
Westerlo,Anderlecht,1.0,3.0,A
Kortrijk,Mechelen,0.0,3.0,A
Anderlecht,RWD Molenbeek,2.0,1.0,H
Oud-Heverlee Leuven,Club Brugge,0.0,1.0,A
Gent,St. Gilloise,1.0,1.0,D
Standard,Genk,1.0,0.0,H
Charleroi,Westerlo,3.0,2.0,H
Cercle Brugge,Eupen,2.0,0.0,H
St Truiden,Antwerp,1.0,1.0,D
St. Gilloise,Kortrijk,3.0,0.0,H
Gent,Anderlecht,1.0,1.0,D
Genk,Oud-Heverlee Leuven,3.0,1.0,H
Club Brugge,Cercle Brugge,0.0,0.0,D
Mechelen,Charleroi,1.0,0.0,H
Eupen,RWD Molenbeek,1.0,3.0,A
Antwerp,Standard,6.0,0.0,H
Westerlo,St Truiden,3.0,3.0,D
Charleroi,Gent,1.0,3.0,A
St. Gilloise,Club Brugge,2.0,1.0,H
Standard,Mechelen,1.0,1.0,D
Cercle Brugge,Anderlecht,0.0,3.0,A
Antwerp,Genk,3.0,2.0,H
Oud-Heverlee Leuven,Westerlo,0.0,2.0,A
RWD Molenbeek,Kortrijk,1.0,1.0,D
St Truiden,Eupen,1.0,1.0,D
Kortrijk,Genk,0.0,3.0,A
Gent,Standard,3.0,1.0,H
Westerlo,St. Gilloise,1.0,3.0,A
Club Brugge,Antwerp,2.0,1.0,H
Anderlecht,Oud-Heverlee Leuven,5.0,1.0,H
Eupen,Charleroi,2.0,0.0,H
Mechelen,Cercle Brugge,0.0,2.0,A
St Truiden,RWD Molenbeek,2.0,1.0,H
Oud-Heverlee Leuven,St Truiden,4.0,0.0,H
Standard,Anderlecht,3.0,2.0,H
Cercle Brugge,Gent,2.0,0.0,H
Genk,Mechelen,4.0,0.0,H
Charleroi,Antwerp,3.0,2.0,H
RWD Molenbeek,Westerlo,1.0,1.0,D
Kortrijk,Club Brugge,1.0,0.0,H
St. Gilloise,Eupen,4.0,1.0,H
St Truiden,St. Gilloise,0.0,4.0,A
Gent,Genk,1.0,1.0,D
Antwerp,Eupen,4.0,1.0,H
Standard,Club Brugge,2.0,1.0,H
Anderlecht,Mechelen,3.0,1.0,H
Westerlo,Kortrijk,1.0,0.0,H
Cercle Brugge,Oud-Heverlee Leuven,3.0,2.0,H
Charleroi,RWD Molenbeek,2.0,1.0,H
RWD Molenbeek,Gent,1.0,1.0,D
Club Brugge,St Truiden,1.0,1.0,D
Genk,Westerlo,3.0,3.0,D
St. Gilloise,Charleroi,3.0,1.0,H
Mechelen,Antwerp,0.0,0.0,D
Oud-Heverlee Leuven,Standard,1.0,2.0,A
Eupen,Anderlecht,1.0,3.0,A
Kortrijk,Cercle Brugge,2.0,1.0,H
Club Brugge,Genk,1.0,1.0,D
RWD Molenbeek,St. Gilloise,2.0,3.0,A
Antwerp,Gent,0.0,0.0,D
Gent,Eupen,2.0,1.0,H
Anderlecht,Club Brugge,1.0,1.0,D
Cercle Brugge,St. Gilloise,0.0,2.0,A
Genk,St Truiden,3.0,3.0,D
Antwerp,RWD Molenbeek,0.0,0.0,D
Mechelen,Oud-Heverlee Leuven,1.0,2.0,A
Charleroi,Kortrijk,1.0,0.0,H
Standard,Westerlo,0.0,0.0,D
St Truiden,Mechelen,2.0,0.0,H
Oud-Heverlee Leuven,Gent,1.0,1.0,D
Kortrijk,Anderlecht,2.0,2.0,D
Eupen,Standard,1.0,3.0,A
Club Brugge,Charleroi,4.0,2.0,H
St. Gilloise,Genk,0.0,2.0,A
RWD Molenbeek,Cercle Brugge,2.0,1.0,H
Westerlo,Antwerp,0.0,3.0,A
Charleroi,St Truiden,1.0,1.0,D
Genk,Anderlecht,1.0,1.0,D
St. Gilloise,Antwerp,2.0,2.0,D
Gent,Club Brugge,2.0,1.0,H
Standard,RWD Molenbeek,1.0,1.0,D
Mechelen,Eupen,1.0,0.0,H
Cercle Brugge,Westerlo,2.0,1.0,H
Oud-Heverlee Leuven,Kortrijk,3.0,0.0,H
Anderlecht,Charleroi,2.0,1.0,H
St Truiden,Cercle Brugge,0.0,2.0,A
Kortrijk,Standard,1.0,1.0,D
Eupen,Oud-Heverlee Leuven,3.0,1.0,H
Westerlo,Mechelen,2.0,3.0,A
Kortrijk,Eupen,1.0,3.0,A
Club Brugge,RWD Molenbeek,7.0,1.0,H
Genk,Charleroi,0.0,0.0,D
Gent,St Truiden,2.0,2.0,D
Anderlecht,Westerlo,2.0,1.0,H
Mechelen,St. Gilloise,4.0,0.0,H
Standard,Cercle Brugge,0.0,1.0,A
Oud-Heverlee Leuven,Antwerp,1.0,1.0,D
Westerlo,Gent,1.0,3.0,A
Charleroi,Standard,1.0,1.0,D
Cercle Brugge,Genk,0.0,1.0,A
Eupen,Club Brugge,0.0,5.0,A
St Truiden,Anderlecht,0.0,1.0,A
St. Gilloise,Oud-Heverlee Leuven,5.0,1.0,H
RWD Molenbeek,Mechelen,1.0,0.0,H
Antwerp,Kortrijk,6.0,0.0,H
Kortrijk,St Truiden,0.0,1.0,A
Westerlo,Club Brugge,0.0,1.0,A
Mechelen,Gent,0.0,1.0,A
Anderlecht,Antwerp,1.0,0.0,H
Oud-Heverlee Leuven,RWD Molenbeek,1.0,2.0,A
Cercle Brugge,Charleroi,2.0,0.0,H
Genk,Eupen,0.0,1.0,A
Standard,St. Gilloise,0.0,1.0,A
St Truiden,Standard,1.0,0.0,H
Club Brugge,Mechelen,1.0,1.0,D
Gent,Kortrijk,3.0,2.0,H
Antwerp,Cercle Brugge,1.0,0.0,H
RWD Molenbeek,Genk,0.0,4.0,A
Charleroi,Oud-Heverlee Leuven,1.0,1.0,D
Eupen,Westerlo,2.0,2.0,D
St. Gilloise,Anderlecht,2.0,0.0,H
Anderlecht,Mechelen,2.0,3.0,A
Charleroi,Genk,2.0,2.0,D
Club Brugge,Eupen,7.0,0.0,H
Gent,Oostende,1.0,2.0,A
Kortrijk,St. Gilloise,2.0,4.0,A
Oud-Heverlee Leuven,Standard,3.0,2.0,H
Waregem,Cercle Brugge,2.0,3.0,A
St Truiden,Antwerp,0.0,1.0,A
Seraing,Westerlo,1.0,1.0,D
St. Gilloise,Seraing,2.0,1.0,H
Antwerp,Kortrijk,1.0,0.0,H
Mechelen,Gent,1.0,1.0,D
Genk,Anderlecht,5.0,2.0,H
Westerlo,Club Brugge,0.0,0.0,D
Cercle Brugge,St Truiden,3.0,1.0,H
Oostende,Oud-Heverlee Leuven,0.0,4.0,A
Eupen,Waregem,1.0,5.0,A
Standard,Charleroi,3.0,1.0,H
St Truiden,Oostende,5.0,0.0,H
Standard,Genk,2.0,0.0,H
Antwerp,Cercle Brugge,2.0,1.0,H
Anderlecht,Westerlo,0.0,0.0,D
Gent,St. Gilloise,1.0,1.0,D
Charleroi,Waregem,3.0,2.0,H
Kortrijk,Eupen,0.0,0.0,D
Oud-Heverlee Leuven,Mechelen,4.0,1.0,H
Club Brugge,Seraing,2.0,0.0,H
St. Gilloise,St Truiden,2.0,1.0,H
Mechelen,Club Brugge,0.0,3.0,A
Eupen,Anderlecht,0.0,1.0,A
Genk,Oud-Heverlee Leuven,2.0,1.0,H
Oostende,Standard,1.0,3.0,A
Seraing,Gent,0.0,5.0,A
Westerlo,Charleroi,2.0,3.0,A
Cercle Brugge,Kortrijk,2.0,0.0,H
Waregem,Antwerp,0.0,2.0,A
Gent,Eupen,3.0,0.0,H
St. Gilloise,Mechelen,2.0,1.0,H
Oud-Heverlee Leuven,Anderlecht,0.0,2.0,A
Antwerp,Charleroi,0.0,1.0,A
Standard,Waregem,2.0,2.0,D
Oostende,Westerlo,1.0,2.0,A
St Truiden,Seraing,2.0,1.0,H
Kortrijk,Club Brugge,1.0,0.0,H
Cercle Brugge,Genk,1.0,1.0,D
Anderlecht,Cercle Brugge,2.0,0.0,H
Genk,St. Gilloise,1.0,2.0,A
Waregem,Gent,2.0,6.0,A
Club Brugge,Standard,2.0,0.0,H
Seraing,Antwerp,0.0,2.0,A
Eupen,Oostende,4.0,4.0,D
Westerlo,Kortrijk,3.0,1.0,H
Mechelen,St Truiden,1.0,0.0,H
Charleroi,Oud-Heverlee Leuven,0.0,1.0,A
St. Gilloise,Eupen,2.0,1.0,H
Gent,Anderlecht,1.0,0.0,H
Antwerp,Mechelen,5.0,0.0,H
St Truiden,Genk,2.0,2.0,D
Standard,Westerlo,2.0,0.0,H
Cercle Brugge,Seraing,3.0,1.0,H
Oud-Heverlee Leuven,Waregem,4.0,2.0,H
Kortrijk,Charleroi,0.0,1.0,A
Oostende,Club Brugge,3.0,0.0,H
Charleroi,St Truiden,1.0,0.0,H
Anderlecht,Standard,2.0,2.0,D
Oud-Heverlee Leuven,Antwerp,1.0,1.0,D
Club Brugge,Gent,2.0,0.0,H
Westerlo,St. Gilloise,4.0,2.0,H
Eupen,Cercle Brugge,2.0,2.0,D
Genk,Oostende,3.0,0.0,H
Seraing,Mechelen,0.0,2.0,A
Waregem,Kortrijk,3.0,3.0,D
St Truiden,Westerlo,0.0,1.0,A
Kortrijk,Anderlecht,2.0,2.0,D
Gent,Oud-Heverlee Leuven,2.0,0.0,H
Cercle Brugge,Club Brugge,2.0,2.0,D
St. Gilloise,Standard,2.0,4.0,A
Oostende,Charleroi,0.0,0.0,D
Seraing,Waregem,1.0,1.0,D
Antwerp,Eupen,2.0,0.0,H
Mechelen,Genk,2.0,2.0,D
Waregem,Oostende,1.0,1.0,D
Standard,Kortrijk,0.0,2.0,A
Anderlecht,St Truiden,3.0,1.0,H
Genk,Antwerp,0.0,1.0,A
Charleroi,Seraing,3.0,0.0,H
Westerlo,Gent,3.0,3.0,D
Club Brugge,St. Gilloise,1.0,1.0,D
Eupen,Mechelen,2.0,1.0,H
Oud-Heverlee Leuven,Cercle Brugge,0.0,0.0,D
St. Gilloise,Waregem,4.0,0.0,H
Gent,Genk,2.0,3.0,A
Mechelen,Charleroi,2.0,2.0,D
Antwerp,Club Brugge,0.0,0.0,D
St Truiden,Kortrijk,1.0,0.0,H
Eupen,Westerlo,1.0,1.0,D
Seraing,Oud-Heverlee Leuven,2.0,1.0,H
Cercle Brugge,Standard,1.0,1.0,D
Oostende,Anderlecht,0.0,2.0,A
Eupen,Genk,1.0,1.0,D
Genk,Seraing,4.0,0.0,H
Waregem,Club Brugge,1.0,2.0,A
Cercle Brugge,Gent,3.0,2.0,H
Anderlecht,Antwerp,0.0,0.0,D
Charleroi,St. Gilloise,0.0,1.0,A
Kortrijk,Oostende,2.0,2.0,D
Oud-Heverlee Leuven,St Truiden,1.0,1.0,D
Westerlo,Mechelen,2.0,0.0,H
Standard,Eupen,3.0,1.0,H
St Truiden,Gent,0.0,3.0,A
Club Brugge,Charleroi,2.0,2.0,D
Seraing,Anderlecht,0.0,1.0,A
Antwerp,Standard,4.0,1.0,H
St. Gilloise,Oud-Heverlee Leuven,1.0,0.0,H
Mechelen,Kortrijk,3.0,2.0,H
Oostende,Cercle Brugge,1.0,2.0,A
Waregem,Westerlo,1.0,1.0,D
St Truiden,Club Brugge,1.0,1.0,D
Gent,Charleroi,0.0,0.0,D
Anderlecht,Waregem,2.0,3.0,A
Kortrijk,Seraing,3.0,2.0,H
Cercle Brugge,St. Gilloise,1.0,1.0,D
Oostende,Antwerp,0.0,3.0,A
Standard,Mechelen,2.0,0.0,H
Westerlo,Genk,2.0,3.0,A
Oud-Heverlee Leuven,Eupen,1.0,1.0,D
Charleroi,Cercle Brugge,2.0,1.0,H
St. Gilloise,Antwerp,2.0,0.0,H
Gent,Kortrijk,2.0,1.0,H
Club Brugge,Anderlecht,1.0,1.0,D
Genk,Waregem,1.0,0.0,H
Eupen,St Truiden,0.0,2.0,A
Mechelen,Oostende,2.0,1.0,H
Seraing,Standard,1.0,1.0,D
Westerlo,Oud-Heverlee Leuven,1.0,2.0,A
Oud-Heverlee Leuven,Kortrijk,2.0,3.0,A
Anderlecht,St. Gilloise,1.0,3.0,A
Waregem,Mechelen,2.0,0.0,H
Genk,Club Brugge,3.0,1.0,H
Antwerp,Gent,2.0,0.0,H
Cercle Brugge,Westerlo,0.0,1.0,A
Oostende,Seraing,1.0,2.0,A
Eupen,Charleroi,1.0,2.0,A
Standard,St Truiden,1.0,1.0,D
St Truiden,Waregem,2.0,0.0,H
Westerlo,Antwerp,3.0,3.0,D
Charleroi,Anderlecht,0.0,1.0,A
Kortrijk,Genk,1.0,0.0,H
St. Gilloise,Oostende,3.0,0.0,H
Club Brugge,Oud-Heverlee Leuven,1.0,1.0,D
Gent,Standard,0.0,0.0,D
Mechelen,Cercle Brugge,1.0,1.0,D
Seraing,Eupen,0.0,1.0,A
Kortrijk,Gent,0.0,4.0,A
Anderlecht,Genk,0.0,2.0,A
Standard,St. Gilloise,2.0,3.0,A
Club Brugge,Antwerp,2.0,2.0,D
Charleroi,Mechelen,0.0,5.0,A
St Truiden,Cercle Brugge,0.0,1.0,A
Waregem,Eupen,5.0,5.0,D
Westerlo,Oostende,6.0,0.0,H
Oud-Heverlee Leuven,Seraing,5.0,0.0,H
Oostende,Kortrijk,3.0,1.0,H
Antwerp,Anderlecht,0.0,0.0,D
St. Gilloise,Westerlo,1.0,1.0,D
Gent,Club Brugge,2.0,0.0,H
Eupen,Standard,2.0,0.0,H
Cercle Brugge,Oud-Heverlee Leuven,2.0,1.0,H
Seraing,St Truiden,1.0,2.0,A
Mechelen,Waregem,2.0,2.0,D
Genk,Charleroi,4.0,1.0,H
Charleroi,Antwerp,1.0,0.0,H
Oud-Heverlee Leuven,Gent,1.0,1.0,D
Seraing,St. Gilloise,1.0,2.0,A
Anderlecht,Eupen,4.0,2.0,H
Club Brugge,Oostende,4.0,2.0,H
Kortrijk,Cercle Brugge,1.0,1.0,D
Westerlo,St Truiden,2.0,3.0,A
Waregem,Standard,0.0,3.0,A
Genk,Mechelen,3.0,1.0,H
Oostende,Waregem,2.0,1.0,H
Standard,Anderlecht,5.0,0.0,H
Gent,Seraing,2.0,1.0,H
Antwerp,Genk,1.0,3.0,A
St. Gilloise,Club Brugge,2.0,2.0,D
Mechelen,Eupen,2.0,1.0,H
St Truiden,Oud-Heverlee Leuven,0.0,0.0,D
Kortrijk,Westerlo,0.0,2.0,A
Cercle Brugge,Charleroi,4.0,1.0,H
Waregem,Anderlecht,3.0,2.0,H
Antwerp,Oostende,3.0,0.0,H
Club Brugge,St Truiden,3.0,0.0,H
Mechelen,Standard,2.0,0.0,H
St. Gilloise,Gent,2.0,0.0,H
Genk,Westerlo,6.0,1.0,H
Seraing,Cercle Brugge,0.0,1.0,A
Charleroi,Kortrijk,2.0,2.0,D
Eupen,Oud-Heverlee Leuven,4.0,2.0,H
Oostende,St. Gilloise,1.0,6.0,A
Anderlecht,Club Brugge,0.0,1.0,A
Gent,Mechelen,3.0,0.0,H
Standard,Antwerp,3.0,0.0,H
Oud-Heverlee Leuven,Genk,0.0,1.0,A
Cercle Brugge,Eupen,5.0,1.0,H
St Truiden,Charleroi,2.0,1.0,H
Kortrijk,Waregem,1.0,3.0,A
Westerlo,Seraing,2.0,2.0,D
St. Gilloise,Cercle Brugge,2.0,1.0,H
Charleroi,Standard,0.0,1.0,A
Eupen,Gent,0.0,4.0,A
Mechelen,Anderlecht,1.0,3.0,A
Club Brugge,Westerlo,0.0,2.0,A
Seraing,Oostende,1.0,1.0,D
Waregem,Oud-Heverlee Leuven,2.0,5.0,A
Genk,Kortrijk,2.0,1.0,H
Antwerp,St Truiden,2.0,0.0,H
St Truiden,Eupen,0.0,1.0,A
Kortrijk,Antwerp,2.0,1.0,H
Gent,Cercle Brugge,3.0,4.0,A
Anderlecht,Charleroi,0.0,1.0,A
Club Brugge,Mechelen,3.0,0.0,H
Oostende,Genk,1.0,2.0,A
Westerlo,Waregem,2.0,0.0,H
Oud-Heverlee Leuven,St. Gilloise,0.0,3.0,A
Standard,Seraing,0.0,2.0,A
Anderlecht,Kortrijk,4.0,1.0,H
Standard,Club Brugge,3.0,0.0,H
Eupen,St. Gilloise,1.0,2.0,A
Genk,Gent,1.0,0.0,H
Charleroi,Westerlo,2.0,3.0,A
Cercle Brugge,Oostende,2.0,2.0,D
Waregem,St Truiden,0.0,3.0,A
Mechelen,Oud-Heverlee Leuven,0.0,0.0,D
Antwerp,Seraing,2.0,1.0,H
Gent,Waregem,2.0,0.0,H
St. Gilloise,Genk,1.0,2.0,A
Cercle Brugge,Antwerp,0.0,2.0,A
Westerlo,Anderlecht,2.0,1.0,H
Oud-Heverlee Leuven,Charleroi,3.0,2.0,H
Oostende,Eupen,1.0,0.0,H
Seraing,Club Brugge,0.0,2.0,A
Kortrijk,Mechelen,1.0,4.0,A
St Truiden,Standard,1.0,2.0,A
Waregem,St. Gilloise,1.0,3.0,A
Charleroi,Gent,2.0,1.0,H
Antwerp,Westerlo,3.0,0.0,H
Anderlecht,Oud-Heverlee Leuven,2.0,2.0,D
Standard,Oostende,1.0,0.0,H
Eupen,Kortrijk,0.0,1.0,A
Mechelen,Seraing,2.0,3.0,A
Genk,St Truiden,0.0,0.0,D
Club Brugge,Cercle Brugge,4.0,0.0,H
Anderlecht,Gent,0.0,1.0,A
Antwerp,St. Gilloise,4.0,2.0,H
Westerlo,Eupen,0.0,1.0,A
St. Gilloise,Anderlecht,2.0,1.0,H
Kortrijk,Standard,0.0,1.0,A
Gent,Antwerp,1.0,2.0,A
St Truiden,Mechelen,3.0,1.0,H
Cercle Brugge,Waregem,1.0,1.0,D
Oud-Heverlee Leuven,Oostende,2.0,1.0,H
Seraing,Genk,0.0,4.0,A
Charleroi,Club Brugge,1.0,3.0,A
Mechelen,Westerlo,5.0,4.0,H
Standard,Oud-Heverlee Leuven,1.0,3.0,A
Waregem,Charleroi,1.0,3.0,A
Club Brugge,Kortrijk,2.0,1.0,H
Genk,Cercle Brugge,2.0,1.0,H
Oostende,St Truiden,0.0,1.0,A
Eupen,Seraing,1.0,3.0,A
Waregem,Genk,1.0,4.0,A
Oud-Heverlee Leuven,Club Brugge,0.0,3.0,A
Eupen,Antwerp,0.0,1.0,A
St Truiden,Anderlecht,0.0,3.0,A
St. Gilloise,Kortrijk,2.0,1.0,H
Cercle Brugge,Mechelen,0.0,0.0,D
Seraing,Charleroi,0.0,1.0,A
Westerlo,Standard,4.0,2.0,H
Oostende,Gent,1.0,3.0,A
Antwerp,Oud-Heverlee Leuven,4.0,2.0,H
Anderlecht,Seraing,3.0,1.0,H
Gent,Westerlo,2.0,1.0,H
Standard,Cercle Brugge,2.0,0.0,H
Mechelen,St. Gilloise,3.0,0.0,H
Charleroi,Oostende,1.0,3.0,A
Kortrijk,St Truiden,0.0,0.0,D
Genk,Eupen,4.0,2.0,H
Club Brugge,Waregem,1.0,1.0,D
Antwerp,Waregem,1.0,0.0,H
Seraing,Kortrijk,0.0,1.0,A
Eupen,Club Brugge,2.0,1.0,H
Genk,Standard,3.0,1.0,H
Gent,St Truiden,1.0,1.0,D
Oostende,Mechelen,2.0,1.0,H
Oud-Heverlee Leuven,Westerlo,2.0,0.0,H
Cercle Brugge,Anderlecht,1.0,0.0,H
St. Gilloise,Charleroi,1.0,0.0,H
Westerlo,Cercle Brugge,2.0,0.0,H
Anderlecht,Oostende,2.0,0.0,H
Mechelen,Antwerp,0.0,2.0,A
Club Brugge,Genk,3.0,2.0,H
St Truiden,St. Gilloise,1.0,1.0,D
Kortrijk,Oud-Heverlee Leuven,0.0,2.0,A
Waregem,Seraing,2.0,0.0,H
Charleroi,Eupen,3.0,1.0,H
Standard,Gent,2.0,2.0,D
Charleroi,Waregem,3.0,0.0,H
Club Brugge,Mechelen,2.0,0.0,H
Gent,Oud-Heverlee Leuven,5.0,0.0,H
Kortrijk,Anderlecht,2.0,3.0,A
Seraing,Genk,0.0,2.0,A
St. Gilloise,Beerschot VA,5.0,0.0,H
St Truiden,Standard,3.0,0.0,H
Antwerp,Cercle Brugge,1.0,1.0,D
Eupen,Oostende,0.0,2.0,A
Genk,Eupen,5.0,0.0,H
Anderlecht,Charleroi,4.0,0.0,H
Cercle Brugge,Gent,2.0,2.0,D
Standard,St. Gilloise,1.0,3.0,A
Oud-Heverlee Leuven,Antwerp,0.0,1.0,A
Mechelen,Kortrijk,3.0,2.0,H
Oostende,Seraing,2.0,2.0,D
Waregem,St Truiden,0.0,2.0,A
Beerschot VA,Club Brugge,1.0,3.0,A
St Truiden,Beerschot VA,3.0,2.0,H
Gent,Anderlecht,1.0,0.0,H
Kortrijk,Standard,0.0,1.0,A
Club Brugge,Genk,3.0,1.0,H
Antwerp,Waregem,1.0,0.0,H
Charleroi,Cercle Brugge,5.0,0.0,H
Seraing,Oud-Heverlee Leuven,1.0,1.0,D
Eupen,Mechelen,1.0,1.0,D
St. Gilloise,Oostende,1.0,1.0,D
Standard,Seraing,0.0,1.0,A
Beerschot VA,Gent,0.0,2.0,A
Genk,St Truiden,0.0,1.0,A
Anderlecht,Antwerp,2.0,1.0,H
Oostende,Club Brugge,1.0,3.0,A
Cercle Brugge,Kortrijk,2.0,0.0,H
Waregem,Eupen,3.0,0.0,H
Mechelen,Charleroi,2.0,2.0,D
Oud-Heverlee Leuven,St. Gilloise,1.0,4.0,A
Eupen,Oud-Heverlee Leuven,3.0,1.0,H
Gent,Waregem,2.0,1.0,H
Charleroi,Standard,0.0,0.0,D
Anderlecht,Oostende,3.0,0.0,H
Antwerp,Beerschot VA,2.0,1.0,H
Seraing,Club Brugge,0.0,5.0,A
Kortrijk,St. Gilloise,2.0,3.0,A
Cercle Brugge,Genk,2.0,2.0,D
St Truiden,Mechelen,1.0,1.0,D
Standard,Beerschot VA,1.0,0.0,H
Waregem,Seraing,1.0,0.0,H
Standard,Gent,0.0,1.0,A
Genk,Kortrijk,2.0,0.0,H
Club Brugge,Antwerp,4.0,1.0,H
Oud-Heverlee Leuven,Anderlecht,0.0,0.0,D
Mechelen,Cercle Brugge,2.0,2.0,D
Oostende,St Truiden,0.0,0.0,D
St. Gilloise,Eupen,0.0,0.0,D
Beerschot VA,Charleroi,2.0,3.0,A
Gent,Seraing,4.0,0.0,H
St Truiden,Oud-Heverlee Leuven,2.0,0.0,H
Anderlecht,Genk,2.0,0.0,H
Eupen,Club Brugge,1.0,3.0,A
Antwerp,Mechelen,1.0,2.0,A
Charleroi,St. Gilloise,0.0,3.0,A
Kortrijk,Waregem,5.0,0.0,H
Oostende,Standard,1.0,0.0,H
Cercle Brugge,Beerschot VA,2.0,0.0,H
Genk,Mechelen,4.0,1.0,H
Beerschot VA,Kortrijk,2.0,1.0,H
Club Brugge,Charleroi,2.0,0.0,H
St. Gilloise,St Truiden,0.0,1.0,A
Genk,Standard,2.0,0.0,H
Waregem,Anderlecht,1.0,2.0,A
Mechelen,Oostende,3.0,0.0,H
Oud-Heverlee Leuven,Cercle Brugge,3.0,2.0,H
Eupen,Gent,0.0,1.0,A
Seraing,Antwerp,0.0,1.0,A
Oud-Heverlee Leuven,Genk,2.0,1.0,H
Waregem,Oostende,0.0,0.0,D
Genk,Waregem,2.0,0.0,H
Anderlecht,Eupen,4.0,1.0,H
Mechelen,Beerschot VA,3.0,2.0,H
Club Brugge,Gent,1.0,2.0,A
Antwerp,St. Gilloise,0.0,2.0,A
Oostende,Oud-Heverlee Leuven,1.0,3.0,A
Standard,Cercle Brugge,1.0,1.0,D
Kortrijk,St Truiden,1.0,3.0,A
Charleroi,Seraing,2.0,0.0,H
Kortrijk,Antwerp,0.0,2.0,A
Kortrijk,Club Brugge,0.0,1.0,A
Standard,Mechelen,1.0,2.0,A
Gent,Antwerp,0.0,1.0,A
St. Gilloise,Anderlecht,1.0,0.0,H
Cercle Brugge,Oostende,0.0,1.0,A
Seraing,Eupen,0.0,0.0,D
Beerschot VA,Waregem,3.0,3.0,D
St Truiden,Charleroi,0.0,1.0,A
Club Brugge,St. Gilloise,0.0,0.0,D
Anderlecht,Cercle Brugge,0.0,2.0,A
Seraing,Beerschot VA,2.0,1.0,H
Eupen,Standard,0.0,2.0,A
Waregem,Oud-Heverlee Leuven,1.0,1.0,D
Charleroi,Kortrijk,1.0,1.0,D
Gent,Oostende,1.0,1.0,D
Antwerp,St Truiden,1.0,1.0,D
Cercle Brugge,Waregem,3.0,1.0,H
Mechelen,Anderlecht,0.0,1.0,A
St. Gilloise,Genk,2.0,1.0,H
Standard,Club Brugge,2.0,2.0,D
Charleroi,Gent,0.0,0.0,D
Beerschot VA,Oud-Heverlee Leuven,3.0,1.0,H
St Truiden,Seraing,3.0,1.0,H
Kortrijk,Eupen,1.0,1.0,D
Oostende,Antwerp,1.0,2.0,A
Seraing,St. Gilloise,0.0,4.0,A
Genk,Beerschot VA,4.0,1.0,H
Anderlecht,Standard,1.0,1.0,D
Eupen,Cercle Brugge,0.0,2.0,A
Antwerp,Charleroi,3.0,0.0,H
Club Brugge,St Truiden,2.0,0.0,H
Oud-Heverlee Leuven,Mechelen,5.0,0.0,H
Gent,Kortrijk,2.0,2.0,D
Beerschot VA,Anderlecht,0.0,7.0,A
St Truiden,Eupen,2.0,0.0,H
Charleroi,Oud-Heverlee Leuven,0.0,3.0,A
Mechelen,Seraing,2.0,0.0,H
Oostende,Genk,0.0,4.0,A
St. Gilloise,Gent,0.0,0.0,D
Standard,Waregem,0.0,1.0,A
Cercle Brugge,Club Brugge,2.0,0.0,H
Oud-Heverlee Leuven,Standard,2.0,1.0,H
Genk,Antwerp,1.0,1.0,D
Eupen,Charleroi,0.0,4.0,A
Club Brugge,Anderlecht,2.0,2.0,D
Gent,St Truiden,2.0,1.0,H
St. Gilloise,Cercle Brugge,3.0,2.0,H
Waregem,Mechelen,3.0,2.0,H
Beerschot VA,Oostende,0.0,2.0,A
Seraing,Kortrijk,0.0,2.0,A
Genk,Charleroi,4.0,2.0,H
Antwerp,Eupen,4.0,2.0,H
Oud-Heverlee Leuven,Club Brugge,1.0,4.0,A
Mechelen,Gent,4.0,3.0,H
Waregem,St. Gilloise,0.0,2.0,A
Anderlecht,St Truiden,2.0,0.0,H
Oostende,Kortrijk,0.0,2.0,A
Cercle Brugge,Seraing,2.0,0.0,H
Club Brugge,Waregem,3.0,0.0,H
Gent,Genk,1.0,0.0,H
St. Gilloise,Mechelen,2.0,0.0,H
Antwerp,Standard,2.0,3.0,A
Seraing,Anderlecht,0.0,5.0,A
Eupen,Beerschot VA,1.0,0.0,H
St Truiden,Cercle Brugge,1.0,2.0,A
Kortrijk,Oud-Heverlee Leuven,2.0,1.0,H
Charleroi,Oostende,1.0,0.0,H
Mechelen,Genk,1.0,1.0,D
Standard,Charleroi,0.0,3.0,A
Anderlecht,Waregem,3.0,2.0,H
Beerschot VA,Antwerp,0.0,1.0,A
Club Brugge,Seraing,3.0,2.0,H
Kortrijk,Cercle Brugge,0.0,2.0,A
Oostende,Eupen,2.0,1.0,H
Oud-Heverlee Leuven,Gent,0.0,1.0,A
St Truiden,St. Gilloise,1.0,2.0,A
Antwerp,Oostende,3.0,0.0,H
Gent,Standard,3.0,1.0,H
Waregem,Beerschot VA,2.0,0.0,H
Genk,Club Brugge,2.0,3.0,A
Charleroi,Anderlecht,1.0,3.0,A
Cercle Brugge,Mechelen,3.0,1.0,H
Eupen,Kortrijk,2.0,2.0,D
Seraing,St Truiden,2.0,0.0,H
St. Gilloise,Oud-Heverlee Leuven,1.0,3.0,A
Beerschot VA,Genk,2.0,0.0,H
Oostende,St. Gilloise,1.0,7.0,A
St Truiden,Antwerp,2.0,1.0,H
Anderlecht,Kortrijk,1.0,1.0,D
Standard,Eupen,1.0,0.0,H
Oud-Heverlee Leuven,Seraing,1.0,3.0,A
Waregem,Gent,1.0,2.0,A
Cercle Brugge,Charleroi,1.0,2.0,A
Mechelen,Club Brugge,2.0,1.0,H
Genk,Cercle Brugge,1.0,1.0,D
Antwerp,Anderlecht,2.0,0.0,H
Seraing,Gent,0.0,0.0,D
Club Brugge,Standard,2.0,2.0,D
St. Gilloise,Charleroi,4.0,0.0,H
Kortrijk,Beerschot VA,1.0,1.0,D
Mechelen,St Truiden,0.0,1.0,A
Eupen,Waregem,1.0,1.0,D
Oud-Heverlee Leuven,Oostende,1.0,0.0,H
Gent,St. Gilloise,0.0,2.0,A
Anderlecht,Oud-Heverlee Leuven,2.0,2.0,D
Cercle Brugge,Antwerp,0.0,1.0,A
Waregem,Genk,2.0,6.0,A
St Truiden,Club Brugge,1.0,2.0,A
Beerschot VA,Seraing,3.0,0.0,H
Standard,Kortrijk,1.0,1.0,D
Charleroi,Eupen,3.0,0.0,H
Oostende,Mechelen,2.0,4.0,A
Oud-Heverlee Leuven,St Truiden,4.0,1.0,H
Genk,Gent,0.0,3.0,A
Anderlecht,Beerschot VA,4.0,2.0,H
Antwerp,Club Brugge,1.0,1.0,D
Eupen,St. Gilloise,2.0,3.0,A
Kortrijk,Oostende,1.0,0.0,H
Mechelen,Waregem,2.0,2.0,D
Cercle Brugge,Standard,1.0,1.0,D
Seraing,Charleroi,1.0,3.0,A
Gent,Eupen,2.0,0.0,H
Charleroi,Genk,2.0,0.0,H
Beerschot VA,Mechelen,0.0,1.0,A
St Truiden,Anderlecht,2.0,2.0,D
Standard,Oud-Heverlee Leuven,2.0,2.0,D
Oostende,Cercle Brugge,2.0,1.0,H
Waregem,Antwerp,2.0,1.0,H
St. Gilloise,Seraing,4.0,2.0,H
Club Brugge,Kortrijk,2.0,0.0,H
Eupen,Genk,3.0,2.0,H
Antwerp,Gent,1.0,0.0,H
Seraing,Waregem,5.0,1.0,H
Anderlecht,Club Brugge,1.0,1.0,D
Oud-Heverlee Leuven,Beerschot VA,0.0,0.0,D
Cercle Brugge,St. Gilloise,0.0,3.0,A
St Truiden,Oostende,1.0,1.0,D
Kortrijk,Charleroi,2.0,2.0,D
Mechelen,Standard,3.0,1.0,H
Charleroi,Mechelen,0.0,2.0,A
Genk,Seraing,3.0,0.0,H
Oostende,Anderlecht,2.0,2.0,D
Gent,Cercle Brugge,2.0,1.0,H
St. Gilloise,Antwerp,1.0,2.0,A
Standard,St Truiden,1.0,2.0,A
Waregem,Kortrijk,2.0,2.0,D
Beerschot VA,Eupen,0.0,3.0,A
Club Brugge,Oud-Heverlee Leuven,1.0,1.0,D
Anderlecht,Gent,1.0,1.0,D
Antwerp,Genk,4.0,2.0,H
Kortrijk,Gent,1.0,0.0,H
Standard,Anderlecht,0.0,1.0,A
Antwerp,Seraing,2.0,1.0,H
St Truiden,Genk,1.0,2.0,A
Charleroi,Club Brugge,0.0,1.0,A
Mechelen,Oud-Heverlee Leuven,2.0,0.0,H
St. Gilloise,Waregem,2.0,1.0,H
Oostende,Beerschot VA,3.0,1.0,H
Cercle Brugge,Eupen,1.0,2.0,A
Beerschot VA,St Truiden,0.0,1.0,A
Genk,St. Gilloise,1.0,1.0,D
Oud-Heverlee Leuven,Kortrijk,2.0,1.0,H
Seraing,Standard,0.0,1.0,A
Gent,Charleroi,2.0,3.0,A
Anderlecht,Mechelen,7.0,2.0,H
Waregem,Cercle Brugge,2.0,4.0,A
Eupen,Antwerp,0.0,1.0,A
Club Brugge,Oostende,3.0,0.0,H
Oostende,Waregem,0.0,2.0,A
Genk,Anderlecht,1.0,0.0,H
Antwerp,Oud-Heverlee Leuven,2.0,2.0,D
Gent,Club Brugge,6.0,1.0,H
St. Gilloise,Standard,4.0,0.0,H
Cercle Brugge,St Truiden,0.0,1.0,A
Eupen,Seraing,1.0,2.0,A
Charleroi,Beerschot VA,5.0,2.0,H
Kortrijk,Mechelen,2.0,2.0,D
Mechelen,St. Gilloise,3.0,1.0,H
Club Brugge,Beerschot VA,3.0,2.0,H
Waregem,Charleroi,2.0,2.0,D
St Truiden,Kortrijk,0.0,2.0,A
Oud-Heverlee Leuven,Eupen,1.0,4.0,A
Seraing,Cercle Brugge,2.0,1.0,H
Standard,Oostende,1.0,0.0,H
Waregem,Club Brugge,0.0,4.0,A
Cercle Brugge,Anderlecht,1.0,2.0,A
Gent,Mechelen,2.0,0.0,H
Beerschot VA,Standard,0.0,1.0,A
Genk,Oud-Heverlee Leuven,4.0,0.0,H
Eupen,St Truiden,2.0,1.0,H
Seraing,Oostende,2.0,3.0,A
St. Gilloise,Kortrijk,2.0,0.0,H
Charleroi,Antwerp,1.0,1.0,D
Oostende,Gent,1.0,0.0,H
Anderlecht,Seraing,3.0,0.0,H
Oud-Heverlee Leuven,Charleroi,1.0,1.0,D
Standard,Antwerp,2.0,5.0,A
Kortrijk,Genk,1.0,2.0,A
Mechelen,Eupen,1.0,3.0,A
St Truiden,Waregem,1.0,3.0,A
Beerschot VA,St. Gilloise,0.0,3.0,A
Club Brugge,Cercle Brugge,1.0,1.0,D
Antwerp,Kortrijk,0.0,1.0,A
Gent,Beerschot VA,2.0,2.0,D
Waregem,Standard,1.0,2.0,A
St. Gilloise,Club Brugge,0.0,1.0,A
Eupen,Anderlecht,1.0,1.0,D
Cercle Brugge,Oud-Heverlee Leuven,1.0,1.0,D
Seraing,Mechelen,1.0,0.0,H
Charleroi,St Truiden,0.0,0.0,D
Genk,Oostende,3.0,4.0,A
Beerschot VA,Cercle Brugge,0.0,1.0,A
St Truiden,Gent,2.0,1.0,H
Anderlecht,St. Gilloise,1.0,3.0,A
Club Brugge,Eupen,2.0,2.0,D
Mechelen,Antwerp,3.0,2.0,H
Oostende,Charleroi,0.0,3.0,A
Kortrijk,Seraing,2.0,0.0,H
Oud-Heverlee Leuven,Waregem,1.0,1.0,D
Standard,Genk,1.0,1.0,D
Club Brugge,Mouscron,4.0,2.0,H
Kortrijk,Mechelen,1.0,4.0,A
Oostende,Cercle Brugge,1.0,1.0,D
Oud-Heverlee Leuven,Waasland-Beveren,1.0,2.0,A
St Truiden,Anderlecht,0.0,1.0,A
Standard,Beerschot VA,3.0,0.0,H
Waregem,Gent,2.0,7.0,A
Antwerp,Genk,3.0,2.0,H
Charleroi,Eupen,2.0,3.0,A
Mouscron,Antwerp,2.0,3.0,A
Beerschot VA,Oostende,1.0,2.0,A
Anderlecht,Club Brugge,2.0,1.0,H
Waasland-Beveren,Kortrijk,3.0,4.0,A
Genk,St Truiden,4.0,0.0,H
Gent,Charleroi,4.0,0.0,H
Mechelen,Waregem,4.0,2.0,H
Cercle Brugge,Oud-Heverlee Leuven,3.0,0.0,H
Eupen,Standard,0.0,4.0,A
Beerschot VA,Charleroi,2.0,1.0,H
Waasland-Beveren,St Truiden,2.0,4.0,A
Antwerp,Anderlecht,1.0,4.0,A
Waregem,Eupen,2.0,1.0,H
Oud-Heverlee Leuven,Genk,2.0,3.0,A
Charleroi,Mouscron,1.0,1.0,D
Standard,Gent,2.0,1.0,H
Cercle Brugge,Beerschot VA,2.0,1.0,H
Kortrijk,Club Brugge,1.0,2.0,A
St Truiden,Mechelen,2.0,1.0,H
Oostende,Waasland-Beveren,0.0,2.0,A
Gent,Cercle Brugge,1.0,0.0,H
Anderlecht,Waregem,4.0,1.0,H
Mechelen,Oud-Heverlee Leuven,2.0,2.0,D
Club Brugge,Antwerp,0.0,2.0,A
Eupen,Kortrijk,2.0,0.0,H
Mouscron,Oostende,0.0,1.0,A
Genk,Standard,2.0,2.0,D
Gent,Club Brugge,0.0,4.0,A
Charleroi,Club Brugge,1.0,1.0,D
Gent,Oostende,1.0,0.0,H
Genk,Cercle Brugge,2.0,0.0,H
Anderlecht,Mechelen,1.0,1.0,D
Club Brugge,Waregem,3.0,0.0,H
Mouscron,Standard,1.0,0.0,H
Antwerp,Kortrijk,4.0,2.0,H
Waasland-Beveren,Beerschot VA,1.0,2.0,A
Eupen,Oud-Heverlee Leuven,3.0,3.0,D
Charleroi,St Truiden,0.0,0.0,D
Oud-Heverlee Leuven,Antwerp,2.0,0.0,H
St Truiden,Eupen,0.0,2.0,A
Beerschot VA,Mouscron,2.0,2.0,D
Standard,Anderlecht,1.0,3.0,A
Kortrijk,Waregem,1.0,2.0,A
Oostende,Mechelen,2.0,0.0,H
Cercle Brugge,Waasland-Beveren,2.0,0.0,H
Charleroi,Genk,1.0,2.0,A
Club Brugge,Oud-Heverlee Leuven,3.0,0.0,H
Antwerp,St Truiden,0.0,0.0,D
Genk,Beerschot VA,1.0,2.0,A
Waregem,Standard,3.0,2.0,H
Anderlecht,Kortrijk,0.0,2.0,A
Waasland-Beveren,Charleroi,1.0,1.0,D
Mouscron,Cercle Brugge,1.0,2.0,A
Eupen,Oostende,1.0,1.0,D
Mechelen,Gent,1.0,1.0,D
Oostende,Genk,3.0,1.0,H
Waasland-Beveren,Eupen,1.0,0.0,H
Gent,Mouscron,4.0,0.0,H
Cercle Brugge,Anderlecht,0.0,0.0,D
Beerschot VA,Mechelen,1.0,2.0,A
Standard,Antwerp,1.0,1.0,D
St Truiden,Waregem,1.0,2.0,A
Oud-Heverlee Leuven,Kortrijk,3.0,1.0,H
Gent,Eupen,2.0,2.0,D
Genk,Anderlecht,1.0,2.0,A
Charleroi,Waregem,1.0,1.0,D
Beerschot VA,Antwerp,1.0,2.0,A
Standard,Oud-Heverlee Leuven,1.0,1.0,D
Cercle Brugge,Mechelen,0.0,1.0,A
Waasland-Beveren,Club Brugge,0.0,2.0,A
Oostende,St Truiden,3.0,1.0,H
Mouscron,Kortrijk,0.0,3.0,A
St Truiden,Cercle Brugge,3.0,0.0,H
Anderlecht,Gent,0.0,0.0,D
Waregem,Oostende,2.0,1.0,H
Club Brugge,Standard,3.0,1.0,H
Kortrijk,Charleroi,1.0,3.0,A
Eupen,Mouscron,1.0,1.0,D
Oud-Heverlee Leuven,Beerschot VA,0.0,1.0,A
Mechelen,Genk,0.0,0.0,D
Antwerp,Waasland-Beveren,3.0,2.0,H
Oostende,Standard,2.0,2.0,D
Cercle Brugge,Club Brugge,1.0,2.0,A
Charleroi,Oud-Heverlee Leuven,1.0,1.0,D
Gent,St Truiden,1.0,1.0,D
Beerschot VA,Kortrijk,0.0,0.0,D
Genk,Waregem,3.0,2.0,H
Mouscron,Anderlecht,1.0,1.0,D
Eupen,Antwerp,0.0,2.0,A
Waasland-Beveren,Mechelen,2.0,3.0,A
Oud-Heverlee Leuven,Gent,0.0,3.0,A
Standard,Charleroi,3.0,2.0,H
Waregem,Beerschot VA,0.0,3.0,A
Club Brugge,Genk,3.0,2.0,H
Antwerp,Oostende,1.0,2.0,A
Kortrijk,Cercle Brugge,1.0,2.0,A
St Truiden,Mouscron,0.0,2.0,A
Mechelen,Eupen,3.0,0.0,H
Anderlecht,Waasland-Beveren,0.0,0.0,D
Genk,Gent,1.0,1.0,D
Waregem,Oud-Heverlee Leuven,2.0,3.0,A
Antwerp,Cercle Brugge,1.0,0.0,H
Club Brugge,Oostende,2.0,1.0,H
Eupen,Beerschot VA,3.0,1.0,H
Mechelen,Standard,0.0,4.0,A
Kortrijk,St Truiden,0.0,2.0,A
Anderlecht,Charleroi,3.0,0.0,H
Mouscron,Waasland-Beveren,1.0,1.0,D
St Truiden,Oud-Heverlee Leuven,3.0,1.0,H
Beerschot VA,Club Brugge,0.0,3.0,A
Cercle Brugge,Standard,0.0,1.0,A
Gent,Antwerp,0.0,1.0,A
Charleroi,Mechelen,0.0,1.0,A
Mouscron,Genk,2.0,0.0,H
Waasland-Beveren,Waregem,1.0,5.0,A
Oostende,Kortrijk,2.0,1.0,H
Eupen,Anderlecht,2.0,0.0,H
Beerschot VA,Cercle Brugge,1.0,1.0,D
Oostende,Eupen,1.0,1.0,D
Standard,Waasland-Beveren,3.0,1.0,H
St Truiden,Club Brugge,1.0,2.0,A
Oud-Heverlee Leuven,Anderlecht,1.0,0.0,H
Beerschot VA,Gent,1.0,1.0,D
Mechelen,Antwerp,3.0,0.0,H
Oostende,Charleroi,3.0,2.0,H
Cercle Brugge,Eupen,1.0,2.0,A
Kortrijk,Genk,2.0,1.0,H
Waregem,Mouscron,1.0,0.0,H
Eupen,Genk,1.0,4.0,A
St Truiden,Beerschot VA,1.0,0.0,H
Eupen,Waregem,2.0,3.0,A
Mechelen,Mouscron,2.0,1.0,H
Anderlecht,Beerschot VA,2.0,0.0,H
Genk,Waasland-Beveren,1.0,1.0,D
Antwerp,Charleroi,2.0,1.0,H
Standard,St Truiden,1.0,2.0,A
Kortrijk,Gent,1.0,0.0,H
Oud-Heverlee Leuven,Oostende,1.0,2.0,A
Waregem,Cercle Brugge,1.0,0.0,H
Club Brugge,Eupen,3.0,0.0,H
Waasland-Beveren,Antwerp,0.0,3.0,A
Standard,Mouscron,0.0,1.0,A
Oud-Heverlee Leuven,Mechelen,1.0,2.0,A
Club Brugge,Gent,0.0,1.0,A
Genk,Kortrijk,2.0,0.0,H
Waregem,St Truiden,0.0,2.0,A
Charleroi,Anderlecht,1.0,0.0,H
Mechelen,Club Brugge,0.0,3.0,A
Gent,Waasland-Beveren,3.0,0.0,H
Kortrijk,Standard,2.0,1.0,H
Antwerp,Waregem,0.0,1.0,A
Anderlecht,Oostende,2.0,1.0,H
Cercle Brugge,Charleroi,3.0,4.0,A
Mouscron,Oud-Heverlee Leuven,2.0,2.0,D
Mechelen,Waasland-Beveren,2.0,3.0,A
Gent,Standard,2.0,1.0,H
Antwerp,Club Brugge,0.0,2.0,A
St Truiden,Charleroi,1.0,2.0,A
Cercle Brugge,Oostende,0.0,1.0,A
Kortrijk,Oud-Heverlee Leuven,0.0,3.0,A
Mouscron,Beerschot VA,3.0,1.0,H
Anderlecht,Genk,1.0,0.0,H
Oud-Heverlee Leuven,Mouscron,2.0,0.0,H
Charleroi,Kortrijk,0.0,0.0,D
Oostende,Gent,2.0,1.0,H
Standard,Mechelen,2.0,2.0,D
Beerschot VA,Eupen,0.0,1.0,A
Genk,Antwerp,4.0,2.0,H
Club Brugge,St Truiden,1.0,0.0,H
Oud-Heverlee Leuven,Cercle Brugge,2.0,1.0,H
Waasland-Beveren,Mouscron,2.0,0.0,H
Waregem,Anderlecht,2.0,2.0,D
Eupen,Mechelen,1.0,1.0,D
Charleroi,Waasland-Beveren,0.0,2.0,A
Mouscron,St Truiden,3.0,2.0,H
Antwerp,Oud-Heverlee Leuven,3.0,2.0,H
Kortrijk,Oostende,3.0,1.0,H
Anderlecht,Standard,0.0,0.0,D
Gent,Waregem,0.0,3.0,A
Mechelen,Beerschot VA,2.0,3.0,A
Mouscron,Club Brugge,0.0,0.0,D
Cercle Brugge,Genk,1.0,5.0,A
St Truiden,Waasland-Beveren,1.0,1.0,D
Eupen,Charleroi,3.0,1.0,H
Cercle Brugge,Mouscron,1.0,2.0,A
Waasland-Beveren,Oostende,2.0,0.0,H
Oud-Heverlee Leuven,St Truiden,2.0,2.0,D
Genk,Mouscron,4.0,1.0,H
Charleroi,Gent,0.0,1.0,A
Waregem,Mechelen,1.0,2.0,A
Beerschot VA,Anderlecht,2.0,1.0,H
Club Brugge,Kortrijk,1.0,0.0,H
Oostende,Antwerp,1.0,1.0,D
Waasland-Beveren,Cercle Brugge,0.0,2.0,A
Standard,Eupen,2.0,2.0,D
Cercle Brugge,Waregem,1.0,3.0,A
Gent,Anderlecht,1.0,1.0,D
Oostende,Club Brugge,1.0,3.0,A
Antwerp,Standard,1.0,1.0,D
St Truiden,Genk,1.0,2.0,A
Eupen,Waasland-Beveren,1.0,1.0,D
Kortrijk,Beerschot VA,5.0,5.0,D
Mechelen,Charleroi,3.0,3.0,D
Waregem,Kortrijk,1.0,1.0,D
Waasland-Beveren,Gent,1.0,4.0,A
Standard,Oostende,1.0,0.0,H
Anderlecht,Antwerp,1.0,0.0,H
Club Brugge,Mechelen,2.0,2.0,D
Charleroi,Cercle Brugge,3.0,0.0,H
Beerschot VA,Oud-Heverlee Leuven,4.0,2.0,H
Genk,Eupen,4.0,0.0,H
Gent,Genk,1.0,2.0,A
St Truiden,Standard,2.0,0.0,H
Oostende,Waregem,3.0,0.0,H
Antwerp,Beerschot VA,3.0,2.0,H
Oud-Heverlee Leuven,Club Brugge,2.0,1.0,H
Kortrijk,Anderlecht,1.0,3.0,A
Anderlecht,Oud-Heverlee Leuven,2.0,2.0,D
Genk,Charleroi,2.0,1.0,H
Mouscron,Eupen,0.0,2.0,A
Waregem,Antwerp,1.0,3.0,A
Standard,Club Brugge,1.0,1.0,D
Beerschot VA,St Truiden,6.0,3.0,H
Mechelen,Kortrijk,1.0,2.0,A
Cercle Brugge,Gent,5.0,2.0,H
Oostende,Mouscron,3.0,0.0,H
Charleroi,Standard,1.0,2.0,A
Gent,Beerschot VA,5.0,1.0,H
Club Brugge,Anderlecht,3.0,0.0,H
St Truiden,Kortrijk,0.0,0.0,D
Eupen,Cercle Brugge,1.0,2.0,A
Oud-Heverlee Leuven,Waregem,2.0,1.0,H
Waasland-Beveren,Genk,1.0,1.0,D
Antwerp,Mechelen,4.0,1.0,H
Genk,Oostende,2.0,2.0,D
Mouscron,Charleroi,1.0,1.0,D
Club Brugge,Cercle Brugge,2.0,1.0,H
Anderlecht,Eupen,1.0,1.0,D
Standard,Waregem,2.0,2.0,D
Gent,Oud-Heverlee Leuven,2.0,3.0,A
Mechelen,St Truiden,2.0,0.0,H
Beerschot VA,Waasland-Beveren,3.0,2.0,H
Kortrijk,Antwerp,1.0,3.0,A
Cercle Brugge,St Truiden,3.0,0.0,H
Antwerp,Eupen,2.0,2.0,D
Genk,Mechelen,3.0,1.0,H
Standard,Kortrijk,2.0,1.0,H
Waregem,Club Brugge,0.0,6.0,A
Waasland-Beveren,Anderlecht,2.0,4.0,A
Mouscron,Gent,0.0,1.0,A
Oostende,Oud-Heverlee Leuven,3.0,1.0,H
Charleroi,Beerschot VA,3.0,1.0,H
Beerschot VA,Genk,5.0,2.0,H
Kortrijk,Mouscron,3.0,0.0,H
Waregem,Charleroi,0.0,2.0,A
St Truiden,Antwerp,2.0,3.0,A
Anderlecht,Cercle Brugge,2.0,0.0,H
Club Brugge,Waasland-Beveren,4.0,1.0,H
Oud-Heverlee Leuven,Standard,1.0,0.0,H
Mechelen,Oostende,0.0,1.0,A
Eupen,Gent,2.0,1.0,H
Gent,Mechelen,1.0,0.0,H
Charleroi,Antwerp,2.0,0.0,H
Beerschot VA,Standard,0.0,3.0,A
Genk,Club Brugge,1.0,2.0,A
Mouscron,Waregem,0.0,1.0,A
Cercle Brugge,Kortrijk,0.0,1.0,A
Waasland-Beveren,Oud-Heverlee Leuven,1.0,3.0,A
Eupen,St Truiden,1.0,1.0,D
Oostende,Anderlecht,2.0,2.0,D
St Truiden,Oostende,0.0,0.0,D
Anderlecht,Mouscron,1.0,1.0,D
Club Brugge,Beerschot VA,0.0,1.0,A
Standard,Genk,0.0,0.0,D
Antwerp,Gent,1.0,0.0,H
Mechelen,Cercle Brugge,2.0,3.0,A
Oud-Heverlee Leuven,Charleroi,1.0,3.0,A
Waregem,Waasland-Beveren,4.0,1.0,H
Kortrijk,Eupen,0.0,0.0,D
Waasland-Beveren,Standard,1.0,2.0,A
Anderlecht,St Truiden,3.0,1.0,H
Beerschot VA,Waregem,3.0,1.0,H
Eupen,Club Brugge,0.0,4.0,A
Cercle Brugge,Antwerp,2.0,1.0,H
Charleroi,Oostende,1.0,0.0,H
Gent,Kortrijk,1.0,2.0,A
Genk,Oud-Heverlee Leuven,1.0,1.0,D
Mouscron,Mechelen,0.0,1.0,A
Oud-Heverlee Leuven,Eupen,1.0,1.0,D
Oostende,Beerschot VA,1.0,2.0,A
Kortrijk,Waasland-Beveren,1.0,3.0,A
Mechelen,Anderlecht,2.0,2.0,D
Waregem,Genk,1.0,2.0,A
St Truiden,Gent,2.0,1.0,H
Antwerp,Mouscron,1.0,1.0,D
Standard,Cercle Brugge,1.0,0.0,H
Club Brugge,Charleroi,0.0,1.0,A
Anderlecht,Waregem,7.0,0.0,H
Club Brugge,Cercle Brugge,2.0,1.0,H
Gent,Charleroi,1.0,4.0,A
Kortrijk,Antwerp,0.0,1.0,A
Mechelen,Eupen,1.0,1.0,D
Mouscron,Waasland-Beveren,1.0,0.0,H
Oostende,Genk,2.0,4.0,A
Standard,St Truiden,0.0,0.0,D
Cercle Brugge,Gent,1.0,0.0,H
Charleroi,Standard,2.0,0.0,H
Genk,Club Brugge,1.0,2.0,A
Antwerp,Oostende,3.0,1.0,H
Eupen,Mouscron,2.0,1.0,H
Waregem,Kortrijk,2.0,2.0,D
Waasland-Beveren,Anderlecht,0.0,3.0,A
St Truiden,Mechelen,0.0,3.0,A
Gent,St Truiden,4.0,1.0,H
Anderlecht,Eupen,6.0,1.0,H
Club Brugge,Charleroi,1.0,0.0,H
Mechelen,Waasland-Beveren,4.0,0.0,H
Mouscron,Cercle Brugge,0.0,1.0,A
Oostende,Waregem,1.0,1.0,D
Standard,Antwerp,1.0,0.0,H
Kortrijk,Genk,0.0,1.0,A
Waregem,Mouscron,1.0,2.0,A
Genk,Standard,1.0,3.0,A
Antwerp,Charleroi,1.0,1.0,D
Mechelen,Anderlecht,2.0,0.0,H
Oostende,Kortrijk,0.0,3.0,A
St Truiden,Cercle Brugge,0.0,1.0,A
Club Brugge,Waasland-Beveren,2.0,1.0,H
Eupen,Gent,2.0,3.0,A
Antwerp,Genk,1.0,1.0,D
Standard,Club Brugge,0.0,0.0,D
Waasland-Beveren,Kortrijk,1.0,2.0,A
Charleroi,Mechelen,2.0,1.0,H
Mouscron,Oostende,3.0,1.0,H
Cercle Brugge,Mechelen,3.0,2.0,H
St Truiden,Eupen,5.0,2.0,H
Charleroi,Waregem,4.0,0.0,H
Gent,Anderlecht,1.0,1.0,D
Waregem,Waasland-Beveren,5.0,0.0,H
Anderlecht,Mouscron,1.0,0.0,H
Club Brugge,Antwerp,1.0,0.0,H
Mechelen,Gent,0.0,3.0,A
Eupen,Cercle Brugge,1.0,0.0,H
Oostende,St Truiden,1.0,0.0,H
Genk,Charleroi,1.0,0.0,H
Kortrijk,Standard,3.0,1.0,H
Charleroi,Club Brugge,0.0,0.0,D
Antwerp,Waregem,2.0,1.0,H
Kortrijk,Club Brugge,2.0,2.0,D
Cercle Brugge,Anderlecht,1.0,2.0,A
Gent,Genk,4.0,1.0,H
Mouscron,St Truiden,1.0,3.0,A
Waasland-Beveren,Eupen,0.0,1.0,A
Standard,Oostende,2.0,1.0,H
Waregem,Genk,0.0,3.0,A
Anderlecht,Club Brugge,1.0,2.0,A
Cercle Brugge,Antwerp,1.0,2.0,A
Gent,Mouscron,3.0,1.0,H
Oostende,Waasland-Beveren,0.0,1.0,A
St Truiden,Kortrijk,2.0,0.0,H
Eupen,Charleroi,1.0,1.0,D
Mechelen,Standard,2.0,3.0,A
Antwerp,Anderlecht,0.0,0.0,D
Charleroi,Oostende,5.0,0.0,H
Standard,Gent,0.0,1.0,A
Club Brugge,Waregem,4.0,0.0,H
Genk,Eupen,2.0,1.0,H
Kortrijk,Cercle Brugge,1.0,0.0,H
Mouscron,Mechelen,1.0,2.0,A
Waasland-Beveren,St Truiden,1.0,0.0,H
Anderlecht,Genk,2.0,0.0,H
St Truiden,Antwerp,1.0,1.0,D
Gent,Club Brugge,1.0,1.0,D
Waasland-Beveren,Standard,2.0,1.0,H
Cercle Brugge,Waregem,2.0,0.0,H
Eupen,Kortrijk,1.0,2.0,A
Mouscron,Charleroi,1.0,1.0,D
Mechelen,Oostende,1.0,0.0,H
Oostende,Gent,2.0,1.0,H
Club Brugge,Mechelen,3.0,0.0,H
Standard,Anderlecht,1.0,1.0,D
Genk,Waasland-Beveren,4.0,1.0,H
Charleroi,Cercle Brugge,3.0,0.0,H
Waregem,St Truiden,5.0,1.0,H
Antwerp,Eupen,1.0,0.0,H
Kortrijk,Mouscron,1.0,2.0,A
Eupen,Oostende,1.0,0.0,H
Anderlecht,Charleroi,0.0,0.0,D
Mouscron,Standard,2.0,2.0,D
St Truiden,Club Brugge,1.0,2.0,A
Cercle Brugge,Genk,1.0,2.0,A
Gent,Waregem,2.0,0.0,H
Mechelen,Kortrijk,1.0,1.0,D
Waasland-Beveren,Antwerp,0.0,4.0,A
Kortrijk,Gent,0.0,2.0,A
Standard,Cercle Brugge,2.0,1.0,H
Oostende,Anderlecht,3.0,2.0,H
Genk,St Truiden,1.0,2.0,A
Charleroi,Waasland-Beveren,2.0,0.0,H
Waregem,Eupen,1.0,0.0,H
Club Brugge,Mouscron,1.0,0.0,H
Antwerp,Mechelen,1.0,0.0,H
St Truiden,Charleroi,1.0,3.0,A
Anderlecht,Kortrijk,0.0,0.0,D
Gent,Antwerp,1.0,1.0,D
Mouscron,Genk,2.0,2.0,D
Mechelen,Waregem,0.0,2.0,A
Waasland-Beveren,Cercle Brugge,1.0,1.0,D
Eupen,Standard,1.0,2.0,A
Club Brugge,Oostende,2.0,0.0,H
Antwerp,Gent,3.0,2.0,H
Standard,Mechelen,1.0,2.0,A
Genk,Gent,0.0,2.0,A
Antwerp,Club Brugge,2.0,1.0,H
Oostende,Mouscron,2.0,2.0,D
Cercle Brugge,St Truiden,2.0,1.0,H
Kortrijk,Waasland-Beveren,1.0,3.0,A
Charleroi,Eupen,1.0,0.0,H
Waregem,Anderlecht,1.0,2.0,A
Mechelen,Charleroi,2.0,2.0,D
Gent,Standard,3.0,1.0,H
Anderlecht,Cercle Brugge,2.0,1.0,H
Club Brugge,Kortrijk,3.0,0.0,H
Mouscron,Antwerp,3.0,1.0,H
St Truiden,Oostende,1.0,0.0,H
Waasland-Beveren,Waregem,1.0,2.0,A
Eupen,Genk,2.0,0.0,H
Anderlecht,Gent,3.0,3.0,D
Genk,Antwerp,2.0,2.0,D
Mechelen,St Truiden,1.0,2.0,A
Standard,Waasland-Beveren,2.0,0.0,H
Waregem,Club Brugge,0.0,2.0,A
Cercle Brugge,Mouscron,2.0,2.0,D
Kortrijk,Eupen,1.0,2.0,A
Oostende,Charleroi,0.0,1.0,A
Waasland-Beveren,Mechelen,1.0,3.0,A
St Truiden,Gent,0.0,0.0,D
Club Brugge,Standard,1.0,1.0,D
Genk,Cercle Brugge,1.0,0.0,H
Antwerp,Kortrijk,3.0,1.0,H
Waregem,Oostende,2.0,0.0,H
Charleroi,Mouscron,1.0,0.0,H
Eupen,Anderlecht,0.0,0.0,D
Cercle Brugge,Charleroi,0.0,3.0,A
Anderlecht,St Truiden,4.0,1.0,H
Mechelen,Antwerp,3.0,1.0,H
Gent,Waasland-Beveren,2.0,0.0,H
Kortrijk,Waregem,2.0,0.0,H
Oostende,Eupen,2.0,3.0,A
Standard,Genk,1.0,0.0,H
Mouscron,Club Brugge,0.0,1.0,A
Genk,Mouscron,2.0,1.0,H
Antwerp,Standard,2.0,2.0,D
Club Brugge,Gent,4.0,0.0,H
Kortrijk,St Truiden,4.0,0.0,H
Waasland-Beveren,Oostende,3.0,1.0,H
Waregem,Cercle Brugge,6.0,0.0,H
Eupen,Mechelen,0.0,2.0,A
Charleroi,Anderlecht,1.0,2.0,A
Oostende,Antwerp,1.0,1.0,D
Standard,Charleroi,1.0,1.0,D
Anderlecht,Waasland-Beveren,0.0,0.0,D
St Truiden,Genk,3.0,3.0,D
Cercle Brugge,Eupen,1.0,2.0,A
Gent,Kortrijk,2.0,0.0,H
Mouscron,Waregem,2.0,2.0,D
Mechelen,Club Brugge,0.0,5.0,A
Waregem,Gent,2.0,2.0,D
Club Brugge,Anderlecht,2.0,1.0,H
Standard,Eupen,3.0,0.0,H
Genk,Oostende,3.0,1.0,H
Antwerp,Cercle Brugge,3.0,1.0,H
Waasland-Beveren,Mouscron,1.0,1.0,D
Charleroi,St Truiden,0.0,3.0,A
Kortrijk,Mechelen,2.0,3.0,A
Mouscron,Kortrijk,2.0,0.0,H
Gent,Mechelen,3.0,0.0,H
Anderlecht,Antwerp,1.0,2.0,A
Cercle Brugge,Club Brugge,0.0,2.0,A
Eupen,Waregem,1.0,1.0,D
St Truiden,Waasland-Beveren,1.0,1.0,D
Oostende,Standard,1.0,4.0,A
Charleroi,Genk,2.0,1.0,H
Gent,Cercle Brugge,3.0,2.0,H
Waregem,Antwerp,2.0,0.0,H
Anderlecht,Standard,1.0,0.0,H
Club Brugge,Genk,1.0,1.0,D
Waasland-Beveren,Charleroi,0.0,4.0,A
Kortrijk,Oostende,2.0,2.0,D
Eupen,St Truiden,0.0,2.0,A
Mechelen,Mouscron,2.0,2.0,D
Mouscron,Eupen,2.0,0.0,H
Standard,Kortrijk,2.0,1.0,H
Oostende,Mechelen,2.0,1.0,H
Cercle Brugge,Waasland-Beveren,1.0,0.0,H
St Truiden,Waregem,0.0,0.0,D
Genk,Anderlecht,1.0,0.0,H
Waregem,Charleroi,3.0,1.0,H
Gent,Oostende,2.0,0.0,H
Antwerp,St Truiden,2.0,0.0,H
Standard,Mouscron,4.0,1.0,H
Waasland-Beveren,Genk,0.0,4.0,A
Mechelen,Cercle Brugge,3.0,1.0,H
Kortrijk,Anderlecht,4.0,2.0,H
Club Brugge,Eupen,0.0,0.0,D
Mouscron,Gent,2.0,1.0,H
Charleroi,Antwerp,2.0,1.0,H
St Truiden,Standard,2.0,1.0,H
Genk,Waregem,0.0,2.0,A
Cercle Brugge,Kortrijk,1.0,3.0,A
Eupen,Waasland-Beveren,1.0,1.0,D
Oostende,Club Brugge,0.0,2.0,A
Anderlecht,Mechelen,0.0,0.0,D
Antwerp,Waasland-Beveren,4.0,1.0,H
Mouscron,Anderlecht,0.0,0.0,D
Gent,Eupen,6.0,1.0,H
Mechelen,Genk,3.0,1.0,H
Kortrijk,Charleroi,1.0,1.0,D
Oostende,Cercle Brugge,3.0,1.0,H
Standard,Waregem,4.0,0.0,H
Club Brugge,St Truiden,6.0,0.0,H
Eupen,Antwerp,1.0,4.0,A
Charleroi,Gent,1.0,1.0,D
Anderlecht,Oostende,1.0,2.0,A
Waasland-Beveren,Club Brugge,1.0,3.0,A
St Truiden,Mouscron,0.0,1.0,A
Waregem,Mechelen,0.0,2.0,A
Cercle Brugge,Standard,0.0,2.0,A
Genk,Kortrijk,2.0,1.0,H
